,score,names_wiki+googleart,dates_wiki+googleart,names_wga,dates_wga,is_same,artist_id_wiki+googleart,artist_id_wga,idx
0.0,100.0,"[caravaggio, michelangelo merisi da caravaggio]","[1571, 1610]",[cecco del caravaggio],"[1610.0, 1650.0]",0,googleart_m020bg,"wga_cecco del caravaggio, (1610-1610)","(300, 721)"
1.0,100.0,"[ambrosius bosschaert, ambrosius bosschaerts the elder]","[1573, 1621]","[bosschaert, ambrosius the younger]","[1609, 1645]",0,googleart_m0zxv,"wga_bosschaert, ambrosius the younger, (1609-1645)","(5062, 440)"
2.0,100.0,[corrado giaquinto],"[1703, 1765]","[giaquinto, corrado]","[1703, 1766]",1,googleart_m059k72,"wga_giaquinto, corrado, (1703-1766)","(3527, 1410)"
3.0,100.0,[joos van cleve],"[1485, 1541]","[cleve, joos van]","[1485, 1540]",1,googleart_m0gp54j,"wga_cleve, joos van, (1485-1540)","(4500, 791)"
4.0,100.0,[carlo dolci],"[1616, 1686]","[dolci, carlo]","[1616, 1687]",1,googleart_m01gb6v,"wga_dolci, carlo, (1616-1687)","(2446, 1049)"
5.0,100.0,"[joseph duplessis, joseph siffred duplessis]","[1725, 1801]","[duplessis, joseph-siffred]","[1725, 1802]",1,googleart_m0g4z6c,"wga_duplessis, joseph-siffred, (1725-1802)","(4455, 1104)"
6.0,100.0,[carle vernet],"[1758, 1835]","[vernet, carle]","[1758, 1836]",1,googleart_m03_p94,"wga_vernet, carle, (1758-1836)","(2955, 4504)"
7.0,100.0,"[jean (jehan) fouquet, jean fouquet]","[1420, 1481]","[fouquet, jean]","[1420, 1480]",1,wiki_jean-fouquet,"wga_fouquet, jean, (1420-1480)","(1076, 1265)"
8.0,100.0,[biagio d'antonio],"[1446, 1516]",[biagio d'antonio],"[1446, 1515]",1,googleart_m03cs7fm,"wga_biagio d'antonio, (1446-1515)","(3021, 327)"
9.0,100.0,[catharina van hemessen],"[1528, 1588]","[hemessen, catharina van]","[1528, 1587]",1,googleart_m0928s2,"wga_hemessen, catharina van, (1528-1587)","(4040, 1686)"
10.0,100.0,"[ștefan luchian, stefan luchian]","[1868, 1917]","[luchian, ªtefan]","[1868, 1916]",1,wiki_stefan-luchian,"wga_luchian, ªtefan, (1868-1916)","(2018, 2159)"
11.0,100.0,"[piero di cosimo, piero di cosimo (piero di lorenzo)]","[1462, 1522]",[piero di cosimo],"[1462, 1521]",1,wiki_piero-di-cosimo,"wga_piero di cosimo, (1462-1521)","(1776, 3259)"
12.0,100.0,[jacob gerritsz. cuyp],"[1594, 1652]","[cuyp, jacob gerritsz.]","[1594, 1651]",1,googleart_m08ff2n,"wga_cuyp, jacob gerritsz., (1594-1651)","(3993, 946)"
13.0,100.0,"[johann heinrich schönfeld, heinrich schonfeld]","[1609, 1684]","[schönfeld, johann heinrich]","[1609, 1683]",1,googleart_m09v8z7q,"wga_schönfeld, johann heinrich, (1609-1683)","(879, 3775)"
14.0,100.0,[david vinckboons],"[1576, 1632]","[vinckboons, david]","[1576, 1633]",1,googleart_m08b45y,"wga_vinckboons, david, (1576-1633)","(3969, 4545)"
15.0,100.0,"[jan peeters i, gaspar bouttats, jan peeters (i)]","[1624, 1677]","[peeters, jan]","[1624, 1678]",1,googleart_m07s3lk7,"wga_peeters, jan, (1624-1678)","(3891, 3200)"
16.0,100.0,"[attributed to corneille de lyon, corneille de lyon]","[1500, 1575]",[corneille de lyon],"[1500, 1574]",1,googleart_m065wtb,"wga_corneille de lyon, (1500-1574)","(3702, 858)"
17.0,100.0,[petrus christus],"[1410, 1476]","[christus, petrus]","[1410, 1475]",1,wiki_petrus-christus,"wga_christus, petrus, (1410-1475)","(1766, 757)"
18.0,100.0,[baldassare peruzzi],"[1481, 1537]","[peruzzi, baldassare]","[1481, 1536]",1,googleart_m05xd6n,"wga_peruzzi, baldassare, (1481-1536)","(3649, 3225)"
19.0,100.0,"[jan both, andries both]","[1612, 1642]","[both, andries]","[1612, 1641]",1,googleart_m051yg8,"wga_both, andries, (1612-1641)","(3483, 446)"
20.0,100.0,"[bartolomé bermejo, bartolomé de cárdenas, bartolome bermejo]","[1440, 1501]","[bermejo, bartolomé]","[1440, 1500]",1,wiki_bartolome-bermejo,"wga_bermejo, bartolomé, (1440-1500)","(231, 302)"
21.0,100.0,[nicolas tournier],"[1590, 1639]","[tournier, nicolas]","[1590, 1638]",1,wiki_nicolas-tournier,"wga_tournier, nicolas, (1590-1638)","(1634, 4053)"
22.0,100.0,"[andrea solario (solari), andrea solario]","[1460, 1524]","[solario, andrea]","[1460, 1525]",1,wiki_andrea-solario,"wga_solario, andrea, (1460-1525)","(135, 3853)"
23.0,100.0,[lorenzo lotto],"[1480, 1557]","[lotto, lorenzo]","[1480, 1556]",1,googleart_m01wr8s,"wga_lotto, lorenzo, (1480-1556)","(1386, 2151)"
24.0,100.0,[jan baptist weenix],"[1621, 1659]","[weenix, jan baptist]","[1621, 1660]",1,googleart_m03fzgj,"wga_weenix, jan baptist, (1621-1660)","(3095, 4627)"
25.0,100.0,[joos de momper],"[1564, 1635]","[momper, joos de]","[1564, 1634]",1,googleart_m027whwf,"wga_momper, joos de, (1564-1634)","(2655, 2901)"
26.0,100.0,[pieter brueghel the younger],"[1564, 1636]","[brueghel, pieter the younger]","[1564, 1638]",1,googleart_m0h6m9,"wga_brueghel, pieter the younger, (1564-1638)","(4565, 544)"
27.0,100.0,[hans leonhard schäufelein],"[1480, 1540]","[schäufelein, hans leonhard]","[1480, 1538]",1,googleart_m0fg5zr,"wga_schäufelein, hans leonhard, (1480-1538)","(4417, 3771)"
28.0,100.0,"[matthias stomer, matthias stom]","[1600, 1652]","[stom, matthias]","[1600, 1650]",1,wiki_matthias-stom,"wga_stom, matthias, (1600-1650)","(1515, 3913)"
29.0,100.0,"[nicolaes eliasz. pickenoy, nicolaes pickenoy]","[1588, 1656]","[pickenoy, nicolaes eliasz.]","[1588, 1654]",1,googleart_m02x3z7k,"wga_pickenoy, nicolaes eliasz., (1588-1654)","(2890, 3252)"
30.0,100.0,[adam van breen],"[1585, 1640]","[breen, adam van]","[1585, 1642]",1,googleart_m0t50c06,"wga_breen, adam van, (1585-1642)","(4742, 503)"
31.0,100.0,[pieter van der heyden],"[1530, 1572]","[heyden, pieter van der]","[1530, 1575]",1,googleart_m0vnpmxg,"wga_heyden, pieter van der, (1530-1575)","(4952, 1707)"
32.0,100.0,"[hendrick van cleve iii, hendrick van cleve]","[1525, 1589]","[cleve, hendrick van iii]","[1525, 1592]",1,googleart_m0g9yt1v,"wga_cleve, hendrick van iii, (1525-1592)","(4473, 790)"
33.0,100.0,"[artemisia gentileschi, artemesia gentileschi]","[1593, 1656]","[gentileschi, artemisia]","[1593, 1653]",1,googleart_m03bgcm,"wga_gentileschi, artemisia, (1593-1653)","(189, 1382)"
34.0,100.0,[gherardo starnina],"[1354, 1413]","[starnina, gherardo di jacopo]","[1354, 1409]",1,googleart_m02pqj5_,"wga_starnina, gherardo di jacopo, (1354-1409)","(2719, 3890)"
35.0,100.0,"[jean baptiste greuze, jean-baptiste greuze]","[1725, 1809]","[greuze, jean-baptiste]","[1725, 1805]",1,googleart_m02yd1s,"wga_greuze, jean-baptiste, (1725-1805)","(1063, 1556)"
36.0,100.0,[paolo veneziano],"[1300, 1365]",[paolo veneziano],"[1300, 1360]",1,googleart_m02r4wth,"wga_paolo veneziano, (1300-1360)","(2802, 3163)"
37.0,100.0,"[jan van noordt, joan van noort]","[1623, 1681]","[noordt, jan van]","[1623, 1676]",1,googleart_m0hgmwt4,"wga_noordt, jan van, (1623-1676)","(4577, 3070)"
38.0,100.0,[nardo di cione],"[1350.0, 1357.0]",[nardo di cione],"[1350.0, 1363.0]",1,googleart_m02wc53d,"wga_nardo di cione, (1343-1343)","(2872, 3014)"
39.0,100.0,[pieter coecke van aelst],"[1502, 1550]","[coecke van aelst, pieter]","[1502, 1550]",1,googleart_m08lgcf,"wga_coecke van aelst, pieter, (1502-1550)","(4008, 811)"
40.0,100.0,[jan miel],"[1599, 1656]","[miel, jan]","[1599, 1663]",1,googleart_m027gz_3,"wga_miel, jan, (1599-1663)","(2631, 2473)"
41.0,100.0,[annibale carracci],"[1560, 1609]","[carracci, annibale]","[1560, 1609]",1,googleart_m017t6m,"wga_carracci, annibale, (1560-1609)","(151, 670)"
42.0,100.0,[girolamo savoldo],"[1480, 1540]","[savoldo, giovanni girolamo]","[1480, 1548]",1,googleart_m098yxx,"wga_savoldo, giovanni girolamo, (1480-1548)","(4058, 3724)"
43.0,100.0,"[cornelius norbertus gijsbrechts, cornelis norbertus gysbrechts (cornelius gijsbrechts), cornelis norbertus gysbrechts]","[1630, 1683]","[gijsbrechts, cornelis norbertus]","[1630, 1675]",1,googleart_m026hr8f,"wga_gijsbrechts, cornelis norbertus, (1630-1675)","(407, 1415)"
44.0,100.0,[robert salmon],"[1775, 1858]","[salmon, robert]","[1775, 1848]",1,googleart_m02pmxfl,"wga_salmon, robert, (1775-1848)","(2716, 3682)"
45.0,100.0,"[jan sanders van hemessen, jan van hemessen, jan van hemessen (hemiksem ca. 1500 –]","[1500, 1566]","[hemessen, jan sanders van]","[1500, 1556]",1,wiki_jan-van-hemessen,"wga_hemessen, jan sanders van, (1500-1556)","(1049, 1687)"
46.0,100.0,[sebald beham],"[1500, 1550]","[beham, hans sebald]","[1500, 1540]",1,googleart_m09mstn,"wga_beham, hans sebald, (1500-1540)","(4108, 245)"
47.0,100.0,[pierre-jacques volaire],"[1729, 1802]","[volaire, pierre-jacques]","[1729, 1790]",1,googleart_m010ry66w,"wga_volaire, pierre-jacques, (1729-1790)","(2359, 4578)"
48.0,100.0,"[gillis peeters (i), joannes meyssens, joannes meyssens]","[1612, 1670]","[peeters, gillis i]","[1612, 1653]",1,googleart_m0bx_hj6,"wga_peeters, gillis i, (1612-1653)","(4255, 3199)"
49.0,100.0,"[hendrik goudt, hendrick goudt]","[1583, 1630]","[goudt, hendrick]","[1583, 1648]",1,googleart_m09k606s,"wga_goudt, hendrick, (1583-1648)","(4097, 1525)"
50.0,100.0,"[guido cagnacci, called guido canlassi, guido cagnacci]","[1601, 1663]","[cagnacci, guido]","[1601, 1682]",1,googleart_m08z_b6,"wga_cagnacci, guido, (1601-1682)","(4036, 596)"
51.0,100.0,[marinus van reymerswaele],"[1490, 1546]","[reymerswaele, marinus van]","[1490, 1567]",1,googleart_m0d37b4,"wga_reymerswaele, marinus van, (1490-1567)","(4350, 3463)"
52.0,98.0,[baldassare franceschini],"[1611, 1689]","[franceschini, baldassarre]","[1611, 1690]",1,googleart_m073kfr,"wga_franceschini, baldassarre, (1611-1690)","(3796, 1272)"
53.0,94.0,"[john frederick herring, sr.]","[1795, 1865]","[herring, john frederick the elder]","[1795, 1863]",1,googleart_m02644ly,"wga_herring, john frederick the elder, (1795-1863)","(2534, 1698)"
54.0,96.0,[reinier nooms],"[1623, 1667]","[nooms, reiner]","[1623, 1664]",1,googleart_m0h6pg0,"wga_nooms, reiner, (1623-1664)","(4571, 3069)"
55.0,94.0,[bonifazio veronese],"[1487, 1553]",[bonifacio veronese],"[1487, 1557]",1,googleart_m07pw80,"wga_bonifacio veronese, (1487-1557)","(3888, 409)"
56.0,90.0,[cornelis massijs],"[1510, 1562]","[massys, cornelis]","[1510, 1556]",1,googleart_m0t5fw8n,"wga_massys, cornelis, (1510-1556)","(4896, 2274)"
57.0,100.0,[lambert sustris],"[1515, 1584]","[sustris, lambert]","[1515, 1560]",1,googleart_m0273xfq,"wga_sustris, lambert, (1515-1560)","(2613, 3947)"
58.0,100.0,[loyset liédet],"[1420, 1420]","[liédet, loyset]","[1420, 1479]",1,googleart_m0k87vbk,"wga_liédet, loyset, (1420-1479)","(4612, 2114)"
59.0,92.0,[carl blechen],"[1798, 1840]","[blechen, karl]","[1797, 1840]",1,googleart_m02qly32,"wga_blechen, karl, (1797-1840)","(2770, 358)"
60.0,90.0,[jan matsys],"[1509, 1575]","[massys, jan]","[1510, 1575]",1,googleart_m02r0dtt,"wga_massys, jan, (1510-1575)","(2789, 2275)"
61.0,100.0,[lazzaro baldi],"[1624, 1703]","[baldi, lazzaro]","[1622, 1703]",1,googleart_m02qs928,"wga_baldi, lazzaro, (1622-1703)","(2779, 156)"
62.0,100.0,[william dobson],"[1611, 1646]","[dobson, william]","[1610, 1646]",1,googleart_m0j555,"wga_dobson, william, (1610-1646)","(4599, 1047)"
63.0,100.0,[jacob marrel],"[1614, 1681]","[marrel, jacob]","[1613, 1681]",1,googleart_m07k7rkf,"wga_marrel, jacob, (1613-1681)","(3864, 2250)"
64.0,100.0,[frans geffels],"[1625, 1694]","[geffels, frans]","[1624, 1694]",1,googleart_m0j2750r,"wga_geffels, frans, (1624-1694)","(4594, 1371)"
65.0,100.0,"[maurice brazil prendergast, maurice prendergast]","[1858, 1924]","[prendergast, maurice brazil]","[1859, 1924]",1,googleart_m039zxc,"wga_prendergast, maurice brazil, (1859-1924)","(1523, 3345)"
66.0,97.0,[gerard de lairesse],"[1640, 1711]","[lairesse, gérard de]","[1641, 1711]",1,googleart_m027st_3,"wga_lairesse, gérard de, (1641-1711)","(2649, 1967)"
67.0,100.0,"[pietro falca, pietro longhi]","[1701, 1785]","[longhi, pietro]","[1702, 1785]",1,googleart_m04h26q,"wga_longhi, pietro, (1702-1785)","(1800, 2129)"
68.0,88.0,[paul van somer i],"[1577, 1621]","[somer, paulus van]","[1576, 1621]",1,googleart_m02r4t4l,"wga_somer, paulus van, (1576-1621)","(2802, 3859)"
69.0,100.0,[dirck van delen],"[1605, 1671]","[delen, dirck van]","[1604, 1671]",1,googleart_m07s7sps,"wga_delen, dirck van, (1604-1671)","(3901, 999)"
70.0,100.0,"[suor plautilla nelli (pulisena margherita nelli), plautilla nelli]","[1524, 1588]","[nelli, plautilla]","[1523, 1588]",1,wiki_plautilla-nelli,"wga_nelli, plautilla, (1523-1588)","(1806, 3033)"
71.0,100.0,"[rogier de le pasture, rogier van der weyden]","[1399, 1464]","[weyden, rogier van der]","[1400, 1464]",1,googleart_m01bbhx,"wga_weyden, rogier van der, (1400-1464)","(1915, 4645)"
72.0,100.0,"[alessandro di mariano di vanni filipepi, sandro botticelli]","[1445, 1510]","[botticelli, sandro]","[1444, 1510]",1,wiki_sandro-botticelli,"wga_botticelli, sandro, (1444-1510)","(1961, 450)"
73.0,100.0,[jan jansz van de velde],"[1620, 1662]","[velde, jan jansz. van de]","[1619, 1662]",1,googleart_m0g59kwv,"wga_velde, jan jansz. van de, (1619-1662)","(4466, 4462)"
74.0,100.0,[louis rolland trinquesse],"[1746, 1800]","[trinquesse, louis-rolland]","[1745, 1800]",1,googleart_m05f7v6k,"wga_trinquesse, louis-rolland, (1745-1800)","(3570, 4065)"
75.0,100.0,[massimo stanzione],"[1586, 1656]","[stanzione, massimo]","[1585, 1656]",1,googleart_m026qknc,"wga_stanzione, massimo, (1585-1656)","(2579, 3889)"
76.0,97.0,[juan sánchez cotán],"[1560, 1627]","[sanchez cotán, juan]","[1561, 1627]",1,googleart_m026dnfj,"wga_sanchez cotán, juan, (1561-1627)","(2551, 3693)"
77.0,100.0,[jacob adriaensz backer],"[1609, 1651]","[backer, jacob adriaensz.]","[1608, 1651]",1,googleart_m0261pvk,"wga_backer, jacob adriaensz., (1608-1651)","(2527, 139)"
78.0,100.0,[govert dircksz camphuysen],"[1624, 1672]","[camphuysen, govert dircksz.]","[1623, 1672]",1,googleart_m0fpjmdn,"wga_camphuysen, govert dircksz., (1623-1672)","(4429, 619)"
79.0,100.0,[jean charles cazin],"[1840, 1901]","[cazin, jean-charles]","[1841, 1901]",1,googleart_m01dqr6,"wga_cazin, jean-charles, (1841-1901)","(2437, 718)"
80.0,100.0,[lazzaro bastiani],"[1429, 1512]","[bastiani, lazzaro]","[1449, 1512]",1,googleart_m02rlr91,"wga_bastiani, lazzaro, (1449-1512)","(2823, 208)"
81.0,100.0,[pieter jansz quast],"[1606, 1647]","[quast, pieter jansz.]","[1605, 1647]",1,googleart_m0bwk9cs,"wga_quast, pieter jansz., (1605-1647)","(4255, 3383)"
82.0,88.0,[friedrich wilhelm schadow],"[1789, 1862]","[schadow, wilhelm von]","[1788, 1862]",1,googleart_m03jsw8,"wga_schadow, wilhelm von, (1788-1862)","(3144, 3732)"
83.0,100.0,[frans floris],"[1517, 1570]","[floris, frans]","[1516, 1570]",1,googleart_m03hg_g,"wga_floris, frans, (1516-1570)","(3119, 1242)"
84.0,100.0,"[benozzo di lese, benozzo gozzoli]","[1421, 1497]","[gozzoli, benozzo]","[1420, 1497]",1,wiki_benozzo-gozzoli,"wga_gozzoli, benozzo, (1420-1497)","(249, 1531)"
85.0,100.0,"[bernardo bellotto, bernardo francesco paolo ernesto bellotto]","[1721, 1780]","[bellotto, bernardo]","[1720, 1780]",1,googleart_m04_nhc9,"wga_bellotto, bernardo, (1720-1780)","(255, 264)"
86.0,100.0,[bernhard strigel],"[1461, 1528]","[strigel, bernhard]","[1460, 1528]",1,wiki_bernhard-strigel,"wga_strigel, bernhard, (1460-1528)","(259, 3925)"
87.0,100.0,[caesar van everdingen],"[1616, 1678]","[everdingen, caesar van]","[1617, 1678]",1,googleart_m03fzny,"wga_everdingen, caesar van, (1617-1678)","(3100, 1162)"
88.0,100.0,[carl rottmann],"[1797, 1850]","[rottmann, carl]","[1798, 1850]",1,googleart_m07g6xv,"wga_rottmann, carl, (1798-1850)","(3844, 3620)"
89.0,100.0,[carel de moor],"[1655, 1738]","[moor, carel de ii]","[1656, 1738]",1,googleart_m03frpb,"wga_moor, carel de ii, (1656-1738)","(3086, 2919)"
90.0,100.0,"[correggio, antonio allegri da correggio, antonio da correggio]","[1489, 1534]",[correggio],"[1490, 1534]",1,wiki_correggio,"wga_correggio, (1490-1534)","(412, 867)"
91.0,93.0,[quentin matsys],"[1466, 1530]","[massys, quentin]","[1465, 1530]",1,googleart_m0mf02,"wga_massys, quentin, (1465-1530)","(4629, 2276)"
92.0,100.0,[francesco bacchiacca],"[1495, 1557]",[bacchiacca],"[1494, 1557]",1,googleart_m0ksykv,"wga_bacchiacca, (1494-1557)","(4620, 137)"
93.0,100.0,[jan porcellis],"[1583, 1632]","[porcellis, jan]","[1584, 1632]",1,googleart_m03czwjg,"wga_porcellis, jan, (1584-1632)","(3047, 3321)"
94.0,100.0,[jacob savery],"[1566, 1603]","[savery, jacob i]","[1565, 1603]",1,googleart_m0bxzcy4,"wga_savery, jacob i, (1565-1603)","(4261, 3720)"
95.0,100.0,[marco palmezzano],"[1460, 1539]","[palmezzano, marco]","[1459, 1539]",1,googleart_m0b4p0z,"wga_palmezzano, marco, (1459-1539)","(4178, 3152)"
96.0,100.0,[franz richard unterberger],"[1837, 1902]","[unterberger, franz-richard]","[1838, 1902]",1,wiki_franz-richard-unterberger,"wga_unterberger, franz-richard, (1838-1902)","(660, 4411)"
97.0,100.0,"[fyodor rokotov, фёдор рокотов]","[1736, 1808]","[rokotov, fyodor]","[1735, 1808]",1,wiki_fyodor-rokotov,"wga_rokotov, fyodor, (1735-1808)","(690, 3523)"
98.0,100.0,"[giotto, giotto di bondone]","[1266, 1337]",[giotto di bondone],"[1267, 1337]",1,googleart_m0kp91,"wga_giotto di bondone, (1267-1337)","(778, 1433)"
99.0,100.0,[giovanni antonio boltraffio],"[1466, 1516]","[boltraffio, giovanni antonio]","[1467, 1516]",1,wiki_giovanni-antonio-boltraffio,"wga_boltraffio, giovanni antonio, (1467-1516)","(780, 400)"
100.0,96.0,[michael sittow],"[1469, 1525]","[sittow, michel]","[1468, 1525]",1,googleart_m03cvclv,"wga_sittow, michel, (1468-1525)","(3030, 3835)"
101.0,100.0,[giuseppe arcimboldo],"[1527, 1593]","[arcimboldo, giuseppe]","[1526, 1593]",1,wiki_giuseppe-arcimboldo,"wga_arcimboldo, giuseppe, (1526-1593)","(792, 103)"
102.0,100.0,[balthasar van der ast],"[1593, 1657]","[ast, balthasar van der]","[1594, 1657]",1,googleart_m04lj90w,"wga_ast, balthasar van der, (1594-1657)","(3397, 119)"
103.0,94.0,[claes corneliszoon moeyaert],"[1592, 1655]","[moeyaert, claes cornelisz.]","[1591, 1655]",1,googleart_m02x04r3,"wga_moeyaert, claes cornelisz., (1591-1655)","(2885, 2885)"
104.0,100.0,"[hercules pieterszoon seghers, hercules seghers]","[1589, 1638]","[seghers, hercules]","[1590, 1638]",1,wiki_hercules-seghers,"wga_seghers, hercules, (1590-1638)","(914, 3791)"
105.0,100.0,[james thornhill],"[1675, 1734]","[thornhill, sir james]","[1676, 1734]",1,googleart_m01b4dg,"wga_thornhill, sir james, (1676-1734)","(2424, 4006)"
106.0,94.0,[willem pieterszoon buytewech],"[1592, 1624]","[buytewech, willem pietersz.]","[1591, 1625]",1,googleart_m0d57r8,"wga_buytewech, willem pietersz., (1591-1625)","(4359, 578)"
107.0,100.0,[michel dorigny],"[1617, 1663]","[dorigny, michel]","[1616, 1665]",1,googleart_m0gyrqrk,"wga_dorigny, michel, (1616-1665)","(4542, 1065)"
108.0,100.0,"[pietro falca, pietro longhi]","[1701, 1785]","[longhi, pietro]","[1702, 1785]",1,googleart_m04h26q,"wga_longhi, pietro, (1702-1785)","(1800, 2128)"
109.0,100.0,[maso di banco],"[1336.0, 1353.0]",[maso di banco],"[1335.0, 1350.0]",1,googleart_m02qrlt5,"wga_maso di banco, (1320-1320)","(2777, 2271)"
110.0,100.0,[romanino],"[1485, 1566]","[romanino, girolamo]","[1484, 1559]",1,googleart_m09932z,"wga_romanino, girolamo, (1484-1559)","(4064, 3588)"
111.0,85.0,[giovanni battista paggi],"[1554, 1627]","[trotti, giovanni battista]","[1555, 1619]",0,googleart_m02759zl,"wga_trotti, giovanni battista, (1555-1619)","(2618, 4070)"
112.0,100.0,[pieter cornelisz van rijck],"[1567, 1637]","[rijck, pieter cornelisz van]","[1568, 1628]",1,googleart_m0g53kf0,"wga_rijck, pieter cornelisz van, (1568-1628)","(4460, 3485)"
113.0,100.0,[melchior lorck],"[1527, 1588]","[lorck, melchior]","[1526, 1598]",1,googleart_m09g9jck,"wga_lorck, melchior, (1526-1598)","(4083, 2139)"
114.0,100.0,[pieter feddes van harlingen],"[1586, 1623]","[feddes, pieter]","[1585, 1634]",1,googleart_m0ds41dy,"wga_feddes, pieter, (1585-1634)","(4397, 1195)"
115.0,100.0,"[le nain brothers, antoine le nain, louis le nain, mathieu le nain]","[1599, 1648]",[le nain brothers],"[1598, 1677]",1,wiki_le-nain-brothers,"wga_le nain brothers, (1598-1677)","(1343, 2012)"
116.0,100.0,[jacob cornelisz van oostsanen],"[1470, 1533]","[cornelisz van oostsanen, jacob]","[1472, 1533]",1,googleart_m02r4qbw,"wga_cornelisz van oostsanen, jacob, (1472-1533)","(2801, 862)"
117.0,100.0,[sofonisba anguissola],"[1532, 1625]","[anguissola, sofonisba]","[1530, 1625]",1,wiki_sofonisba-anguissola,"wga_anguissola, sofonisba, (1530-1625)","(2000, 79)"
118.0,100.0,[jan weenix],"[1640, 1719]","[weenix, jan]","[1642, 1719]",1,googleart_m03fzgx,"wga_weenix, jan, (1642-1719)","(3098, 4628)"
119.0,100.0,[jean nocret],"[1615, 1672]","[nocret, jean]","[1617, 1672]",1,googleart_m0gydv63,"wga_nocret, jean, (1617-1672)","(4540, 3062)"
120.0,100.0,[rosalba carriera],"[1673, 1757]","[carriera, rosalba]","[1675, 1757]",1,wiki_rosalba-carriera,"wga_carriera, rosalba, (1675-1757)","(1930, 676)"
121.0,100.0,[federico barocci],"[1528, 1612]","[barocci, federico fiori]","[1526, 1612]",1,googleart_m03hh23,"wga_barocci, federico fiori, (1526-1612)","(3125, 179)"
122.0,100.0,[abraham bloemaert],"[1564, 1651]","[bloemaert, abraham]","[1566, 1651]",1,googleart_m03fz_9,"wga_bloemaert, abraham, (1566-1651)","(3094, 366)"
123.0,100.0,[jules joseph lefebvre],"[1836, 1911]","[lefebvre, jules-joseph]","[1834, 1911]",1,wiki_jules-joseph-lefebvre,"wga_lefebvre, jules-joseph, (1834-1911)","(1236, 2031)"
124.0,100.0,[lazzaro baldi],"[1624, 1703]","[baldi, lazzaro]","[1622, 1703]",1,googleart_m02qs928,"wga_baldi, lazzaro, (1622-1703)","(2779, 155)"
125.0,97.0,[gaspar de crayer],"[1582, 1669]","[crayer, gaspard de]","[1584, 1669]",1,googleart_m072hvc,"wga_crayer, gaspard de, (1584-1669)","(3789, 917)"
126.0,87.0,[jan wijnants],"[1632, 1684]","[wynants, jan]","[1630, 1684]",1,googleart_m03gzxbq,"wga_wynants, jan, (1630-1684)","(3115, 4699)"
127.0,100.0,[giovanni battista crespi],"[1573, 1632]","[crespi, giovanni battista]","[1575, 1632]",1,googleart_m07rn1b,"wga_crespi, giovanni battista, (1575-1632)","(3893, 920)"
128.0,100.0,[anton von maron],"[1731, 1808]","[maron, anton von]","[1733, 1808]",1,googleart_m04jch4r,"wga_maron, anton von, (1733-1808)","(3370, 2247)"
129.0,100.0,[jan van de cappelle],"[1624, 1679]","[cappelle, jan van de]","[1626, 1679]",1,googleart_m04ykwwj,"wga_cappelle, jan van de, (1626-1679)","(3459, 643)"
130.0,100.0,[lorenzo di niccolò],"[1390.0, 1412.0]",[lorenzo di niccolò di martino],"[1392, 1412]",1,googleart_m02plrsk,"wga_lorenzo di niccolò di martino, (1392-1412)","(2715, 2146)"
131.0,90.0,[gerard van honthorst],"[1592, 1656]","[honthorst, gerrit van]","[1590, 1656]",1,googleart_m03f_3c,"wga_honthorst, gerrit van, (1590-1656)","(3080, 1747)"
132.0,100.0,[francesco melzi],"[1491, 1570]","[melzi, francesco]","[1493, 1570]",1,googleart_m05n4hz,"wga_melzi, francesco, (1493-1570)","(3617, 2431)"
133.0,98.0,[juan bautista martínez del mazo],"[1612, 1667]","[mazo, juan bautista martinez del]","[1610, 1667]",1,googleart_m026dp4m,"wga_mazo, juan bautista martinez del, (1610-1667)","(2552, 2404)"
134.0,100.0,[thomas jones barker],"[1815, 1882]","[barker, thomas jones]","[1813, 1882]",1,wiki_thomas-jones-barker,"wga_barker, thomas jones, (1813-1882)","(2082, 175)"
135.0,100.0,[adam pynacker],"[1622, 1673]","[pynacker, adam]","[1620, 1673]",1,googleart_m04ykwvw,"wga_pynacker, adam, (1620-1673)","(3458, 3372)"
136.0,100.0,[carl wilhelm kolbe],"[1757, 1835]","[kolbe, carl wilhelm]","[1759, 1835]",1,googleart_g122cz0ds,"wga_kolbe, carl wilhelm, (1759-1835)","(2316, 1925)"
137.0,100.0,[antonio palomino],"[1653, 1726]","[palomino, acislo antonio]","[1655, 1726]",1,googleart_m06lm3y,"wga_palomino, acislo antonio, (1655-1726)","(3744, 3153)"
138.0,100.0,[bernardino luini],"[1482, 1532]","[luini, bernardino]","[1480, 1532]",1,googleart_m04qf6w,"wga_luini, bernardino, (1480-1532)","(3427, 2161)"
139.0,100.0,[johann michael rottmayr],"[1656, 1730]","[rottmayr, johann michael]","[1654, 1730]",1,googleart_m065z6w,"wga_rottmayr, johann michael, (1654-1730)","(3706, 3621)"
140.0,100.0,[abraham bosse],"[1604, 1676]","[bosse, abraham]","[1602, 1676]",1,googleart_m032jjq,"wga_bosse, abraham, (1602-1676)","(2928, 445)"
141.0,100.0,"[george barret, sr.]","[1730, 1784]","[barret, george]","[1728, 1784]",1,googleart_m0b3ftg,"wga_barret, george, (1728-1784)","(4174, 186)"
142.0,98.0,[antonio del pollaiolo],"[1433, 1498]","[pollaiuolo, antonio del]","[1431, 1498]",1,googleart_m01hxsn,"wga_pollaiuolo, antonio del, (1431-1498)","(2457, 3309)"
143.0,97.0,[piero del pollaiolo],"[1443, 1496]","[pollaiuolo, piero del]","[1441, 1496]",1,googleart_m01hxtl,"wga_pollaiuolo, piero del, (1441-1496)","(2458, 3310)"
144.0,97.0,"[tiziano vecelli, titian]","[1488, 1578.0]",[tiziano vecellio],"[1490, 1576]",1,googleart_m0144mv,"wga_tiziano vecellio, (1490-1576)","(2094, 4031)"
145.0,100.0,[carlos de haes],"[1829, 1898]","[haes, carlos de]","[1826, 1898]",1,googleart_m0n52vn0,"wga_haes, carlos de, (1826-1898)","(4632, 1624)"
146.0,100.0,[joachim von sandrart],"[1606, 1688]","[sandrart, joachim von]","[1609, 1688]",1,googleart_m03f_4x,"wga_sandrart, joachim von, (1609-1688)","(3081, 3696)"
147.0,96.0,[jan provoost],"[1462, 1529]","[provost, jan]","[1465, 1529]",1,googleart_m07pwql,"wga_provost, jan, (1465-1529)","(1043, 3356)"
148.0,91.0,[johannes cornelisz verspronck],"[1600, 1662]","[verspronck, jan cornelisz]","[1603, 1662]",1,googleart_m02ww2mr,"wga_verspronck, jan cornelisz, (1603-1662)","(2881, 4511)"
149.0,100.0,[juste-aurèle meissonnier],"[1695, 1750]","[meissonnier, juste-aurèle]","[1698, 1750]",1,googleart_m0506cv,"wga_meissonnier, juste-aurèle, (1698-1750)","(3470, 2424)"
150.0,100.0,[bartolomeo biscaino],"[1632, 1657]","[biscaino, bartolomeo]","[1629, 1657]",1,googleart_m02q7974,"wga_biscaino, bartolomeo, (1629-1657)","(2750, 346)"
151.0,100.0,[joachim beuckelaer],"[1533, 1574]","[beuckelaer, joachim]","[1530, 1574]",1,googleart_m04ltq2,"wga_beuckelaer, joachim, (1530-1574)","(3402, 320)"
152.0,100.0,[vincenzo foppa],"[1430, 1515]","[foppa, vincenzo]","[1427, 1515]",1,googleart_m0739w1,"wga_foppa, vincenzo, (1427-1515)","(3795, 1256)"
153.0,100.0,[francesco furini],"[1600, 1646]","[furini, francesco]","[1603, 1646]",1,googleart_m0bcll2,"wga_furini, francesco, (1603-1646)","(4212, 1316)"
154.0,100.0,[niccolò dell'abbate],"[1512, 1571]","[abbate, niccolò dell']","[1509, 1571]",1,googleart_m03l1hs,"wga_abbate, niccolò dell', (1509-1571)","(3149, 3)"
155.0,100.0,[jaume huguet],"[1412, 1492]","[huguet, jaume]","[1415, 1492]",1,googleart_m05sxdkl,"wga_huguet, jaume, (1415-1492)","(3646, 1774)"
156.0,100.0,[cornelis claesz van wieringen],"[1577, 1633]","[wieringen, cornelis claesz van]","[1580, 1633]",1,googleart_m03qh0_k,"wga_wieringen, cornelis claesz van, (1580-1633)","(3208, 4650)"
157.0,100.0,[herman van swanevelt],"[1603, 1655]","[swanevelt, herman van]","[1600, 1655]",1,googleart_m026m_lb,"wga_swanevelt, herman van, (1600-1655)","(2568, 3954)"
158.0,100.0,[isaac oliver],"[1565, 1617]","[oliver, isaac]","[1568, 1617]",1,googleart_m05kclq,"wga_oliver, isaac, (1568-1617)","(3597, 3093)"
159.0,100.0,[lorenzo veneziano],"[1359, 1371]",[lorenzo veneziano],"[1356, 1372]",1,googleart_m03d1ddv,"wga_lorenzo veneziano, (1356-1372)","(3052, 2148)"
160.0,100.0,[andrea di bonaiuto da firenze],"[1346, 1379]",[andrea da firenze],"[1343, 1377]",1,googleart_m0t5fn9w,"wga_andrea da firenze, (1343-1377)","(4831, 59)"
161.0,100.0,[marco d'oggiono],"[1470, 1549]","[oggiono, marco d']","[1467, 1524]",1,googleart_m02630t2,"wga_oggiono, marco d', (1467-1524)","(2531, 3091)"
162.0,100.0,[giovanni bellini],"[1430, 1516]","[bellini, giovanni]","[1426, 1516]",1,wiki_giovanni-bellini,"wga_bellini, giovanni, (1426-1516)","(784, 258)"
163.0,100.0,"[hans baldung grien (grün), hans baldung]","[1480, 1545]","[baldung grien, hans]","[1484, 1545]",1,wiki_hans-baldung,"wga_baldung grien, hans, (1484-1545)","(857, 162)"
164.0,100.0,[palma il giovane],"[1544, 1628]",[palma giovane],"[1548, 1628]",1,googleart_m0gjxb9,"wga_palma giovane, (1548-1628)","(4497, 3147)"
165.0,100.0,[hendrick cornelisz vroom],"[1562, 1640]","[vroom, hendrick cornelisz.]","[1566, 1640]",1,wiki_hendrick-cornelisz-vroom,"wga_vroom, hendrick cornelisz., (1566-1640)","(888, 4601)"
166.0,100.0,[lippo vanni],"[1344, 1375]","[vanni, lippo]","[1340, 1375]",1,googleart_m03d4s6p,"wga_vanni, lippo, (1340-1375)","(3067, 4443)"
167.0,100.0,[paulus bor],"[1601, 1669]","[bor, paulus]","[1605, 1669]",1,googleart_m02w7jfq,"wga_bor, paulus, (1605-1669)","(2867, 417)"
168.0,100.0,[andrea vaccaro],"[1600, 1670]","[vaccaro, andrea]","[1604, 1670]",1,googleart_m02pjbbg,"wga_vaccaro, andrea, (1604-1670)","(2713, 4422)"
169.0,100.0,"[claude gellée, claude lorrain]","[1600, 1682]",[claude lorrain],"[1604, 1682]",1,googleart_m0l057,"wga_claude lorrain, (1604-1682)","(381, 785)"
170.0,100.0,[bernardo zenale],"[1460, 1526]","[zenale, bernardo]","[1464, 1526]",1,googleart_m026kjd0,"wga_zenale, bernardo, (1464-1526)","(2566, 4719)"
171.0,100.0,[wolf traut],"[1481, 1520]","[traut, wolf]","[1485, 1520]",1,googleart_g1q2xhknh6,"wga_traut, wolf, (1485-1520)","(2346, 4060)"
172.0,100.0,[simone martini],"[1284, 1344]",[simone martini],"[1280, 1344]",1,googleart_m01fshq,"wga_simone martini, (1280-1344)","(1997, 3829)"
173.0,100.0,[giovanni di paolo],"[1395, 1482]",[giovanni di paolo],"[1399, 1482]",1,googleart_m08rv2l,"wga_giovanni di paolo, (1399-1482)","(4025, 1451)"
174.0,100.0,[piero della francesca],"[1412, 1492]",[piero della francesca],"[1416, 1492]",1,googleart_m01fd65,"wga_piero della francesca, (1416-1492)","(1775, 3258)"
175.0,100.0,[camillo procaccini],"[1551, 1629]","[procaccini, camillo]","[1555, 1629]",1,googleart_m026md58,"wga_procaccini, camillo, (1555-1629)","(2569, 3351)"
176.0,100.0,"[pietro perugino, pietro vannucci]","[1446, 1524]","[perugino, pietro]","[1450, 1523]",1,googleart_m03k9yt,"wga_perugino, pietro, (1450-1523)","(1801, 3224)"
177.0,91.0,[bernard van orley],"[1487, 1541]","[orley, bernaert van]","[1491, 1542]",1,googleart_m038zl9,"wga_orley, bernaert van, (1491-1542)","(2948, 3106)"
178.0,100.0,[cornelis bos],"[1510, 1566]","[bos, cornelis]","[1506, 1556]",1,googleart_m0dgrgtn,"wga_bos, cornelis, (1506-1556)","(4379, 433)"
179.0,100.0,[colijn de coter],"[1450, 1540]","[coter, colijn de]","[1446, 1538]",1,googleart_m0b73vmp,"wga_coter, colijn de, (1446-1538)","(4191, 884)"
180.0,100.0,[marco pino],"[1521, 1583]","[pino, marco]","[1525, 1587]",1,googleart_m02qsxjv,"wga_pino, marco, (1525-1587)","(2782, 3278)"
181.0,100.0,[hans von kulmbach],"[1476, 1528]","[kulmbach, hans süss von]","[1480, 1522]",1,googleart_m0dnh1,"wga_kulmbach, hans süss von, (1480-1522)","(4394, 1945)"
182.0,100.0,[master of alkmaar],"[1504.0, 1535.0]",[master of alkmaar],"[1500, 1515]",1,googleart_m0462_8d,"wga_master of alkmaar, (1500-1515)","(3272, 2293)"
183.0,100.0,[sisto badalocchio],"[1581, 1647]","[badalocchio, sisto]","[1585, 1619]",1,googleart_m0f_9s,"wga_badalocchio, sisto, (1585-1619)","(4417, 142)"
184.0,85.0,[giovanni battista gaulli],"[1639, 1709]","[falda, giovanni battista]","[1643, 1678]",0,googleart_m06vspx,"wga_falda, giovanni battista, (1643-1678)","(3761, 1182)"
185.0,100.0,[spinello aretino],"[1350, 1410]",[spinello aretino],"[1345, 1410]",1,googleart_m03xy71,"wga_spinello aretino, (1345-1410)","(3236, 3879)"
186.0,100.0,[polidoro da caravaggio],"[1492, 1543]",[polidoro da caravaggio],"[1497, 1543]",1,googleart_m03hh0m,"wga_polidoro da caravaggio, (1497-1543)","(3124, 3307)"
187.0,100.0,[carlo crivelli],"[1435, 1495]","[crivelli, carlo]","[1430, 1495]",1,googleart_m03kbd5,"wga_crivelli, carlo, (1430-1495)","(309, 925)"
188.0,100.0,[ippolito caffi],"[1814, 1866]","[caffi, ippolito]","[1809, 1866]",1,googleart_m03cz9zt,"wga_caffi, ippolito, (1809-1866)","(3046, 594)"
189.0,100.0,"[fra angelico, fra giovanni da fiesole (guido di pietro)]","[1395, 1455]","[angelico, fra]","[1400, 1455]",1,googleart_m031b2,"wga_angelico, fra, (1400-1455)","(627, 72)"
190.0,100.0,[jean clouet],"[1480, 1541]","[clouet, jean]","[1485, 1541]",1,googleart_m03vd__,"wga_clouet, jean, (1485-1541)","(3222, 799)"
191.0,97.0,[claude lefèbvre],"[1632, 1675]","[lefebvre, claude]","[1637, 1675]",1,googleart_m03nt96t,"wga_lefebvre, claude, (1637-1675)","(3191, 2030)"
192.0,100.0,"[jean hey, master of moulins]","[1475, 1500]",[master of moulins],"[1480, 1500]",1,wiki_jean-hey,"wga_master of moulins, (1480-1500)","(1080, 2313)"
193.0,100.0,[jacopo de' barbari],"[1450, 1516]","[barbari, jacopo de']","[1445, 1516]",1,googleart_m026xbyt,"wga_barbari, jacopo de', (1445-1516)","(2595, 170)"
194.0,100.0,[lucas van valckenborch],"[1535, 1597]","[valckenborch, lucas van]","[1530, 1597]",1,googleart_m02qvvlb,"wga_valckenborch, lucas van, (1530-1597)","(2785, 4428)"
195.0,100.0,"[luca d'egidio di ventura, luca signorelli]","[1445, 1523]","[signorelli, luca]","[1450, 1523]",1,wiki_luca-signorelli,"wga_signorelli, luca, (1450-1523)","(1408, 3821)"
196.0,100.0,[paul de vos],"[1591, 1678]","[vos, paul de]","[1596, 1678]",1,googleart_m03cshty,"wga_vos, paul de, (1596-1678)","(3026, 4588)"
197.0,100.0,[israhel van meckenem],"[1445, 1503]","[meckenem, israhel van the younger]","[1440, 1503]",1,googleart_m026pz6n,"wga_meckenem, israhel van the younger, (1440-1503)","(2578, 2416)"
198.0,100.0,[ercole de' roberti],"[1451, 1496]","[roberti, ercole de']","[1456, 1496]",1,googleart_m02r7htx,"wga_roberti, ercole de', (1456-1496)","(2814, 3504)"
199.0,100.0,[hans holbein the elder],"[1465, 1524]","[holbein, hans the elder]","[1460, 1524]",1,googleart_m0cy7g,"wga_holbein, hans the elder, (1460-1524)","(4344, 1733)"
200.0,100.0,"[jan van eyck, johannes de eyck]","[1390, 1441]","[eyck, jan van]","[1395, 1441]",1,wiki_jan-van-eyck,"wga_eyck, jan van, (1395-1441)","(1048, 1168)"
201.0,100.0,[simon marmion],"[1425, 1489]","[marmion, simon]","[1420, 1489]",1,googleart_m0g3ny2,"wga_marmion, simon, (1420-1489)","(4453, 2245)"
202.0,100.0,[wolf huber],"[1485, 1553]","[huber, wolf]","[1490, 1553]",1,googleart_m026hc11,"wga_huber, wolf, (1490-1553)","(2560, 1766)"
203.0,100.0,[boetius à bolswert],"[1585, 1633]","[bolswert, boetius adamsz.]","[1580, 1633]",1,googleart_m06w86h2,"wga_bolswert, boetius adamsz., (1580-1633)","(3763, 398)"
204.0,100.0,[jacopo bassano],"[1510, 1592]","[bassano, jacopo]","[1515, 1592]",1,wiki_jacopo-bassano,"wga_bassano, jacopo, (1515-1592)","(1011, 203)"
205.0,100.0,[werner van den valckert],"[1585, 1627]","[valckert, werner jacobsz. van den]","[1580, 1627]",1,googleart_m07scbqp,"wga_valckert, werner jacobsz. van den, (1580-1627)","(3904, 4430)"
206.0,100.0,[francis swaine],"[1725, 1782]","[swaine, francis]","[1720, 1782]",1,googleart_m0gk7w6,"wga_swaine, francis, (1720-1782)","(4498, 3950)"
207.0,100.0,[francesco maffei],"[1605, 1660]","[maffei, francesco]","[1600, 1660]",1,googleart_m026gtv7,"wga_maffei, francesco, (1600-1660)","(2559, 2188)"
208.0,100.0,[giovanni battista moroni],"[1520, 1578]","[moroni, giovanni battista]","[1525, 1578]",1,googleart_m02kb23,"wga_moroni, giovanni battista, (1525-1578)","(2707, 2941)"
209.0,100.0,[ercole de' roberti],"[1451, 1496]","[roberti, ercole de']","[1456, 1496]",1,googleart_m02r7htx,"wga_roberti, ercole de', (1456-1496)","(2814, 3503)"
210.0,100.0,[geertgen tot sint jans],"[1465, 1495]",[geertgen tot sint jans],"[1460, 1490]",1,googleart_m03z6sl,"wga_geertgen tot sint jans, (1460-1490)","(3243, 1370)"
211.0,100.0,"[duccio, duccio di buoninsegna]","[1250.0, 1330.0]",[duccio di buoninsegna],"[1255, 1319]",1,wiki_duccio,"wga_duccio di buoninsegna, (1255-1319)","(489, 1091)"
212.0,100.0,[scipione pulzone],"[1550, 1598]","[pulzone, scipione]","[1544, 1598]",1,googleart_m025zbyv,"wga_pulzone, scipione, (1544-1598)","(2518, 3370)"
213.0,100.0,[augustus charles pugin],"[1762, 1832]","[pugin, augustus charles]","[1768, 1832]",1,googleart_m086zrw,"wga_pugin, augustus charles, (1768-1832)","(3955, 3368)"
214.0,100.0,[francisco rizi],"[1608, 1685]","[rizi, francisco]","[1614, 1685]",1,googleart_m03c5y7v,"wga_rizi, francisco, (1614-1685)","(2977, 3500)"
215.0,100.0,[marietta robusti],"[1560, 1590]","[robusti, marietta]","[1554, 1590]",1,wiki_marietta-robusti,"wga_robusti, marietta, (1554-1590)","(1470, 3510)"
216.0,100.0,[giuseppe zocchi],"[1711, 1767]","[zocchi, giuseppe]","[1717, 1767]",1,googleart_m02vqf8x,"wga_zocchi, giuseppe, (1717-1767)","(2843, 4727)"
217.0,100.0,[paul sandby],"[1731, 1809]","[sandby, paul]","[1725, 1809]",1,googleart_m037w39,"wga_sandby, paul, (1725-1809)","(2941, 3695)"
218.0,100.0,[jacob van der ulft],"[1621, 1689]","[ulft, jacob van der]","[1627, 1689]",1,googleart_m0bmj2m8,"wga_ulft, jacob van der, (1627-1689)","(4235, 4099)"
219.0,100.0,[giulio campi],"[1502, 1572]","[campi, giulio]","[1508, 1572]",1,googleart_m07d56k,"wga_campi, giulio, (1508-1572)","(3834, 622)"
220.0,100.0,[abraham janssens],"[1567, 1632]","[janssens, abraham]","[1573, 1632]",1,googleart_m0593ly,"wga_janssens, abraham, (1573-1632)","(3526, 1826)"
221.0,100.0,[lippo memmi],"[1291, 1356]","[memmi, lippo]","[1285, 1361]",1,googleart_m02r3h90,"wga_memmi, lippo, (1285-1361)","(2799, 2435)"
222.0,100.0,[barnaba da modena],"[1367.0, 1375.0]",[barnaba da modena],"[1361, 1383]",1,googleart_m02qkd1t,"wga_barnaba da modena, (1361-1383)","(2765, 178)"
223.0,100.0,[luca di tommè],"[1350.0, 1365.0]",[luca di tommè],"[1356, 1389]",1,googleart_m03d8z95,"wga_luca di tommè, (1356-1389)","(3075, 2155)"
224.0,100.0,[pieter van laer],"[1599, 1642]","[laer, pieter van]","[1592, 1642]",1,googleart_m07yxc9,"wga_laer, pieter van, (1592-1642)","(3931, 1962)"
225.0,100.0,[johann liss],"[1597, 1631]","[liss, johann]","[1590, 1631]",1,googleart_m06dhm2,"wga_liss, johann, (1590-1631)","(3729, 2112)"
226.0,100.0,[eugenio lucas velázquez],"[1817, 1870]","[lucas velázquez, eugenio]","[1824, 1870]",1,googleart_m0vsb5g5,"wga_lucas velázquez, eugenio, (1824-1870)","(5025, 2156)"
227.0,100.0,[john crome],"[1761, 1821]","[crome, john]","[1768, 1821]",1,googleart_m0ps33,"wga_crome, john, (1768-1821)","(1152, 928)"
228.0,100.0,[marco dente],"[1493, 1527]","[dente da ravenna, marco]","[1486, 1527]",1,googleart_m03d802j,"wga_dente da ravenna, marco, (1486-1527)","(3070, 1009)"
229.0,100.0,[jan griffier],"[1652, 1718]","[griffier, jan i]","[1645, 1718]",1,googleart_m03c9802,"wga_griffier, jan i, (1645-1718)","(2986, 1559)"
230.0,100.0,[vittore carpaccio],"[1465, 1526]","[carpaccio, vittore]","[1472, 1526]",1,wiki_vittore-carpaccio,"wga_carpaccio, vittore, (1472-1526)","(2172, 666)"
231.0,100.0,"[vasily vereshchagin, василий верещагин]","[1842, 1904]","[vereshchagin, vasily petrovich]","[1835, 1909]",0,wiki_vasily-vereshchagin,"wga_vereshchagin, vasily petrovich, (1835-1909)","(2148, 4488)"
232.0,88.0,[giovanni battista cipriani],"[1727, 1785]","[piranesi, giovanni battista]","[1720, 1778]",0,googleart_m01g71_,"wga_piranesi, giovanni battista, (1720-1778)","(2443, 3282)"
233.0,85.0,[giovanni battista paggi],"[1554, 1627]","[castello, giovanni battista]","[1547, 1637]",0,googleart_m02759zl,"wga_castello, giovanni battista, (1547-1637)","(2618, 693)"
234.0,100.0,[hieronymus cock],"[1518, 1570]","[cock, hieronymus]","[1510, 1570]",1,googleart_m026r975,"wga_cock, hieronymus, (1510-1570)","(2580, 804)"
235.0,100.0,[bartolomeo vivarini],"[1432, 1499]","[vivarini, bartolomeo]","[1440, 1499]",1,googleart_m05cdfk,"wga_vivarini, bartolomeo, (1440-1499)","(3557, 4563)"
236.0,100.0,[francesco granacci],"[1469, 1543]","[granacci, francesco]","[1477, 1543]",1,googleart_m0274fyt,"wga_granacci, francesco, (1477-1543)","(2615, 1537)"
237.0,100.0,[harald sohlberg],"[1869, 1935]","[sohlberg, harald]","[1877, 1935]",1,googleart_m0bqy3b,"wga_sohlberg, harald, (1877-1935)","(4242, 3851)"
238.0,100.0,[jan dirksz both],"[1610, 1652]","[both, jan]","[1618, 1652]",1,googleart_m07_m2d,"wga_both, jan, (1618-1652)","(3829, 447)"
239.0,100.0,[abraham janssens],"[1567, 1632]","[janssens, abraham]","[1573, 1632]",1,googleart_m0593ly,"wga_janssens, abraham, (1573-1632)","(3526, 1827)"
240.0,100.0,[jan wyck],"[1652, 1702]","[wyck, jan]","[1644, 1700]",1,googleart_m05313rc,"wga_wyck, jan, (1644-1700)","(3495, 4697)"
241.0,86.0,[giovanni battista bertani],"[1516, 1576]","[moroni, giovanni battista]","[1525, 1578]",0,googleart_m02vvgcc,"wga_moroni, giovanni battista, (1525-1578)","(2848, 2941)"
242.0,85.0,[jean baptiste vanmour],"[1671, 1737]","[morel, jean-baptiste]","[1662, 1732]",0,googleart_m09df4w,"wga_morel, jean-baptiste, (1662-1732)","(4073, 2929)"
243.0,100.0,[vincenzo catena],"[1470, 1531]","[catena, vincenzo]","[1480, 1531]",1,googleart_m0287_g_,"wga_catena, vincenzo, (1480-1531)","(2678, 703)"
244.0,100.0,[hans memling],"[1430, 1494]","[memling, hans]","[1440, 1494]",1,wiki_hans-memling,"wga_memling, hans, (1440-1494)","(864, 2434)"
245.0,97.0,[adriaen isenbrandt],"[1480, 1551]","[isenbrant, adriaen]","[1490, 1551]",1,googleart_m031d58,"wga_isenbrant, adriaen, (1490-1551)","(2925, 1800)"
246.0,100.0,[giuseppe bernardino bison],"[1762, 1844]","[bison, giuseppe bernardino]","[1762, 1844]",1,googleart_m026n1fh,"wga_bison, giuseppe bernardino, (1762-1844)","(2573, 348)"
247.0,96.0,[giovan battista langetti],"[1625, 1676]","[langetti, giovanni battista]","[1635, 1676]",1,googleart_m026gtmq,"wga_langetti, giovanni battista, (1635-1676)","(2558, 1987)"
248.0,100.0,[walter leistikow],"[1865, 1908]","[leistikow, walter]","[1855, 1908]",1,googleart_m0268css,"wga_leistikow, walter, (1855-1908)","(2544, 2039)"
249.0,100.0,[taddeo gaddi],"[1290, 1366]","[gaddi, taddeo]","[1300, 1366]",1,googleart_m01wqmw,"wga_gaddi, taddeo, (1300-1366)","(2489, 1326)"
250.0,100.0,[clara peeters],"[1594, 1657]","[peeters, clara]","[1594, 1657]",1,googleart_m0266vrh,"wga_peeters, clara, (1594-1657)","(376, 3197)"
251.0,100.0,[ottavio leoni],"[1568, 1630]","[leoni, ottavio]","[1578, 1630]",1,googleart_m0b0nr5,"wga_leoni, ottavio, (1578-1630)","(4163, 2055)"
252.0,88.0,[dirck van santvoort],"[1610, 1680]","[santvoort, dirck dircksz.]","[1600, 1680]",1,googleart_m0h64vxf,"wga_santvoort, dirck dircksz., (1600-1680)","(4566, 3707)"
253.0,100.0,[bernat martorell],"[1390, 1452]","[martorell, bernat]","[1400, 1452]",1,googleart_m0cnz9j,"wga_martorell, bernat, (1400-1452)","(4321, 2262)"
254.0,100.0,"[ivan nikitin, иван никитин]","[1690, 1741]","[nikitin, ivan nikitich]","[1680, 1742]",1,wiki_ivan-nikitin,"wga_nikitin, ivan nikitich, (1680-1742)","(991, 3060)"
255.0,100.0,[jan wellens de cock],"[1480, 1527]","[cock, jan wellens de]","[1490, 1529]",1,googleart_m047q750,"wga_cock, jan wellens de, (1490-1529)","(3290, 805)"
256.0,100.0,[master of saint veronica],"[1410.0, 1410.0]",[master of saint veronica],"[1400, 1420]",1,googleart_m010glghg,"wga_master of saint veronica, (1400-1420)","(2356, 2317)"
257.0,100.0,[william morris hunt],"[1824, 1879]","[morris, william]","[1834, 1896]",0,googleart_m04td2w,"wga_morris, william, (1834-1896)","(3435, 2943)"
258.0,100.0,[william morris],"[1834, 1896]","[hunt, william morris]","[1824, 1879]",0,googleart_m08304,"wga_hunt, william morris, (1824-1879)","(2222, 1780)"
259.0,100.0,[john hamilton mortimer],"[1740, 1779]","[hamilton, john]","[1750, 1750]",1,googleart_m02z86d4,"wga_hamilton, john, (1750-1750)","(2913, 1641)"
260.0,100.0,[girolamo da treviso],"[1508, 1544]",[girolamo da treviso the younger],"[1497, 1544]",1,googleart_m02r22z7,"wga_girolamo da treviso the younger, (1497-1544)","(2797, 1458)"
261.0,100.0,[luis de morales],"[1509, 1586]","[morales, luis de]","[1520, 1586]",1,googleart_m03frxr,"wga_morales, luis de, (1520-1586)","(3087, 2921)"
262.0,100.0,[cornelis pietersz bega],"[1620, 1664]","[bega, cornelis]","[1631, 1664]",1,googleart_m07kj1sx,"wga_bega, cornelis, (1631-1664)","(3873, 241)"
263.0,100.0,[juan de las roelas],"[1558, 1625]","[roelas, juan de las]","[1570, 1625]",1,googleart_m03c363f,"wga_roelas, juan de las, (1570-1625)","(2971, 3517)"
264.0,100.0,[giulio bonasone],"[1498, 1574]","[bonasone, giulio]","[1510, 1576]",1,googleart_m03cxmp2,"wga_bonasone, giulio, (1510-1576)","(3043, 402)"
265.0,85.0,[george baxter],"[1804, 1867]","[hayter, george]","[1792, 1871]",0,googleart_m04glpv5,"wga_hayter, george, (1792-1871)","(3361, 1664)"
266.0,100.0,[francisco herrera the elder],"[1576, 1656]","[herrera, francisco de, the elder]","[1590, 1656]",1,googleart_m05_wb7,"wga_herrera, francisco de, the elder, (1590-1656)","(3537, 1693)"
267.0,100.0,[pirro ligorio],"[1514, 1583]","[ligorio, pirro]","[1500, 1583]",1,googleart_m04k9xf,"wga_ligorio, pirro, (1500-1583)","(3385, 2088)"
268.0,99.0,[william turner],"[1789, 1862]","[turner, joseph mallord william]","[1775, 1851]",0,googleart_m0285ph2,"wga_turner, joseph mallord william, (1775-1851)","(2674, 4085)"
269.0,88.0,"[cristóvão de figueiredo, cristovao de figueiredo]","[1500, 1543]","[figueiredo, cristóvano]","[1515, 1543]",1,wiki_cristovao-de-figueiredo,"wga_figueiredo, cristóvano, (1515-1543)","(416, 1223)"
270.0,100.0,"[gebroeders van limburg (herman, paul, and johan), limbourg brothers]","[1385, 1416]",[limbourg brothers],"[1370, 1416]",1,wiki_limbourg-brothers,"wga_limbourg brothers, (1370-1416)","(1381, 2090)"
271.0,100.0,[john smart i of ipswich],"[1756, 1813]","[smart, john]","[1741, 1811]",0,googleart_m0t504pj,"wga_smart, john, (1741-1811)","(4686, 3842)"
272.0,100.0,[master of the dresden prayer book],"[1480.0, 1520.0]",[master of the dresden prayer book],"[1465, 1515]",1,googleart_m0t5fvn2,"wga_master of the dresden prayer book, (1465-1515)","(4890, 2342)"
273.0,85.0,[jean baptiste vanmour],"[1671, 1737]","[oudry, jean-baptiste]","[1686, 1755]",0,googleart_m09df4w,"wga_oudry, jean-baptiste, (1686-1755)","(4073, 3121)"
274.0,100.0,[master of the virgo inter virgines],"[1487.0, 1500.0]",[master of the virgo inter virgines],"[1470, 1500]",1,googleart_m047rps6,"wga_master of the virgo inter virgines, (1470-1500)","(3293, 2379)"
275.0,100.0,"[michelangelo, michelangelo di lodovico buonarroti simoni]","[1475, 1564]","[anselmi, michelangelo]","[1492, 1556]",0,wiki_michelangelo,"wga_anselmi, michelangelo, (1492-1556)","(1563, 82)"
276.0,86.0,[jean-charles françois],"[1717, 1769]","[lacroix, charles-françois]","[1700, 1782]",0,googleart_m0m0jrvp,"wga_lacroix, charles-françois, (1700-1782)","(4627, 1960)"
277.0,100.0,[adriaen coorte],"[1665, 1707]","[coorte, adriaen]","[1683, 1707]",1,googleart_m05cfqkj,"wga_coorte, adriaen, (1683-1707)","(3558, 851)"
278.0,100.0,[martin schongauer],"[1448, 1491]","[schongauer, martin]","[1430, 1491]",1,wiki_martin-schongauer,"wga_schongauer, martin, (1430-1491)","(1503, 3756)"
279.0,100.0,[andrea andreani],"[1540, 1623]","[andreani, andrea]","[1558, 1629]",1,googleart_m0sw1,"wga_andreani, andrea, (1558-1629)","(4653, 66)"
280.0,88.0,[george beare],"[1746.0, 1749.0]","[barret, george]","[1728, 1784]",0,googleart_m05w46ql,"wga_barret, george, (1728-1784)","(3649, 186)"
281.0,100.0,[lazzaro bastiani],"[1429, 1512]","[bastiani, lazzaro]","[1449, 1512]",1,googleart_m02rlr91,"wga_bastiani, lazzaro, (1449-1512)","(2823, 209)"
282.0,100.0,"[aelbert jacobsz cuyp, aelbert cuyp]","[1620, 1691]","[cuyp, aelbert]","[1620, 1691]",1,googleart_m010z6,"wga_cuyp, aelbert, (1620-1691)","(25, 944)"
283.0,100.0,[françois marius granet],"[1775, 1849]","[granet, françois-marius]","[1755, 1849]",1,googleart_m04rp5h,"wga_granet, françois-marius, (1755-1849)","(3429, 1539)"
284.0,96.0,[juan rexach],"[1411, 1486]","[reixach, juan]","[1431, 1484]",1,googleart_m0t5fjk2,"wga_reixach, juan, (1431-1484)","(4798, 3441)"
285.0,85.0,[giovanni battista paggi],"[1554, 1627]","[crespi, giovanni battista]","[1575, 1632]",0,googleart_m02759zl,"wga_crespi, giovanni battista, (1575-1632)","(2618, 920)"
286.0,100.0,[bartolomeo veneto],"[1480, 1550.0]",[bartolomeo veneto],"[1502, 1531]",1,googleart_m05zj8z3,"wga_bartolomeo veneto, (1502-1531)","(233, 193)"
287.0,100.0,"[andrea di bartolo, andrea del castagno, andrea di bartolo di bargilla]","[1400.0, 1457]",[andrea del castagno],"[1423, 1457]",1,wiki_andrea-del-castagno,"wga_andrea del castagno, (1423-1457)","(131, 61)"
288.0,85.0,[giovanni battista paggi],"[1554, 1627]","[crescenzi, giovanni battista]","[1577, 1635]",0,googleart_m02759zl,"wga_crescenzi, giovanni battista, (1577-1635)","(2618, 918)"
289.0,85.0,[giovanni battista paggi],"[1554, 1627]","[caracciolo, giovanni battista]","[1578, 1635]",0,googleart_m02759zl,"wga_caracciolo, giovanni battista, (1578-1635)","(2618, 645)"
290.0,100.0,[jan van de velde],"[1593, 1641]","[velde, jan van de, i]","[1569, 1623]",0,googleart_m04f57y5,"wga_velde, jan van de, i, (1569-1623)","(3347, 4463)"
291.0,100.0,[guglielmo giraldi],"[1469.0, 1469.0]","[giraldi, guglielmo]","[1445, 1489]",1,googleart_m0t50c85,"wga_giraldi, guglielmo, (1445-1489)","(4750, 1455)"
292.0,85.0,[giovanni battista galestruzzi],"[1618, 1677]","[falda, giovanni battista]","[1643, 1678]",0,googleart_m02rbv2y,"wga_falda, giovanni battista, (1643-1678)","(2817, 1182)"
293.0,100.0,[niccolò boldrini],"[1525.0, 1566.0]","[boldrini, niccolò]","[1500, 1570]",1,googleart_m03cxm93,"wga_boldrini, niccolò, (1500-1570)","(3042, 395)"
294.0,100.0,[defendente ferrari],"[1510.0, 1528.0]","[ferrari, defendente]","[1485, 1540]",1,googleart_m02qnzgz,"wga_ferrari, defendente, (1485-1540)","(2773, 1206)"
295.0,88.0,[adolf von becker],"[1831, 1909]","[meckel, adolf von]","[1856, 1893]",0,googleart_m03mby_l,"wga_meckel, adolf von, (1856-1893)","(3168, 2415)"
296.0,100.0,[giampietrino],"[1495, 1521]",[giampietrino],"[1520.0, 1550.0]",1,googleart_m02w7slf,"wga_giampietrino, (1520-1520)","(2869, 1407)"
297.0,92.07,[antonio maria zanetti],"[1680, 1767]","[zanetti, anton maria ii]","[1706, 1778]",0,googleart_m07s8jgf,"wga_zanetti, anton maria ii, (1706-1778)","(3902, 4710)"
298.0,100.0,[jan van de velde],"[1593, 1641]","[velde, jan jansz. van de]","[1619, 1662]",0,googleart_m04f57y5,"wga_velde, jan jansz. van de, (1619-1662)","(3347, 4462)"
299.0,100.0,[jacob savery],"[1566, 1603]","[savery, jacob ii]","[1592, 1651]",0,googleart_m0bxzcy4,"wga_savery, jacob ii, (1592-1651)","(4261, 3721)"
300.0,100.0,[antonio fantuzzi],"[1510, 1550]","[fantuzzi, antonio]","[1537, 1550]",1,googleart_m0gtt12q,"wga_fantuzzi, antonio, (1537-1550)","(4515, 1185)"
301.0,85.0,[giovanni battista galestruzzi],"[1618, 1677]","[magno, giovanni battista]","[1591, 1674]",0,googleart_m02rbv2y,"wga_magno, giovanni battista, (1591-1674)","(2817, 2194)"
302.0,85.0,[giuseppe antonio landi],"[1713, 1791]","[fabbrini, giuseppe antonio]","[1740, 1795]",0,googleart_m03bzqf2,"wga_fabbrini, giuseppe antonio, (1740-1795)","(2961, 1169)"
303.0,94.0,[quirijn van brekelenkam],"[1650.0, 1667.0]","[brekelenkam, quiringh van]","[1622, 1669]",1,googleart_m03y0cqm,"wga_brekelenkam, quiringh van, (1622-1669)","(3237, 507)"
304.0,100.0,[agnolo gaddi],"[1350, 1396]","[gaddi, agnolo]","[1380.0, 1400.0]",1,googleart_m01wqnn,"wga_gaddi, agnolo, (1369-1369)","(2490, 1324)"
305.0,100.0,[andrea schiavone],"[1540.0, 1573.0]","[schiavone, andrea]","[1510, 1563]",1,googleart_m026vqy0,"wga_schiavone, andrea, (1510-1563)","(2591, 3745)"
306.0,100.0,[jacobello del fiore],"[1400.0, 1450.0]",[jacobello del fiore],"[1370, 1439]",1,googleart_m02qdxkk,"wga_jacobello del fiore, (1370-1439)","(2756, 1809)"
307.0,100.0,[melchior broederlam],"[1350, 1409]","[broederlam, melchior]","[1381, 1409]",1,wiki_melchior-broederlam,"wga_broederlam, melchior, (1381-1409)","(1549, 525)"
308.0,97.0,[jacob de gheyn iii],"[1596, 1641]","[gheyn, jacob de ii]","[1565, 1629]",0,googleart_m0gr0dc,"wga_gheyn, jacob de ii, (1565-1629)","(4509, 1395)"
309.0,86.0,[dirk van hoogstraten],"[1596, 1640]","[hoogstraten, samuel van]","[1627, 1678]",0,googleart_m080nqgm,"wga_hoogstraten, samuel van, (1627-1678)","(3940, 1751)"
310.0,100.0,[hans hoffmann],"[1578.0, 1585.0]","[hoffmann, hans]","[1545, 1591]",1,googleart_m0j26v0f,"wga_hoffmann, hans, (1545-1591)","(4593, 1728)"
311.0,100.0,[henri victor regnault],"[1810, 1878]","[regnault, henri]","[1843, 1871]",0,googleart_m01s2qv,"wga_regnault, henri, (1843-1871)","(2475, 3430)"
312.0,100.0,"[dieric bouts, dirk bouts]","[1415, 1475]","[bouts, dieric the younger]","[1448, 1491]",0,googleart_m07z_y1,"wga_bouts, dieric the younger, (1448-1491)","(469, 475)"
313.0,100.0,[petrus christus],"[1410, 1476]","[christus, petrus]","[1410, 1475]",1,wiki_petrus-christus,"wga_christus, petrus, (1410-1475)","(1766, 758)"
314.0,100.0,[frans hals],"[1580, 1666]","[hals, frans ii]","[1618, 1669]",0,googleart_m0ch5l,"wga_hals, frans ii, (1618-1669)","(655, 1633)"
315.0,100.0,[hendrick cornelisz. van vliet],"[1650.0, 1686.0]","[vliet, hendrick cornelisz. van]","[1611, 1675]",1,googleart_m03b_gbk,"wga_vliet, hendrick cornelisz. van, (1611-1675)","(2959, 4567)"
316.0,100.0,[battista franco veneziano],"[1550.0, 1561.0]","[franco, battista]","[1510, 1561]",1,googleart_m027h6zr,"wga_franco, battista, (1510-1561)","(2634, 1293)"
317.0,89.0,[master of the cini madonna],"[1310, 1330]",[master of the palazzo venezia madonna],"[1350, 1350]",0,googleart_m0t5fpd_,"wga_master of the palazzo venezia madonna, (1350-1350)","(4843, 2364)"
318.0,96.0,[jan provoost],"[1505.0, 1550.0]","[provost, jan]","[1465, 1529]",1,googleart_m07pwql,"wga_provost, jan, (1465-1529)","(3889, 3356)"
319.0,100.0,[silvestro lega],"[1868.0, 1868.0]","[lega, silvestro]","[1826, 1895]",1,wiki_silvestro-lega,"wga_lega, silvestro, (1826-1895)","(1994, 2033)"
320.0,100.0,[giovanni antonio da brescia],"[1503, 1509]",[giovanni antonio da brescia],"[1460, 1523]",1,googleart_m03cv8s9,"wga_giovanni antonio da brescia, (1460-1523)","(3029, 1437)"
321.0,100.0,[il pordenone],"[1528.0, 1530.0]",[pordenone],"[1484, 1539]",1,googleart_m08qf_8,"wga_pordenone, (1484-1539)","(4021, 3323)"
322.0,100.0,[augustus pugin],"[1812, 1852]","[pugin, augustus charles]","[1768, 1832]",0,googleart_m0q1js,"wga_pugin, augustus charles, (1768-1832)","(4645, 3368)"
323.0,100.0,[tanzio da varallo],"[1625.0, 1630.0]",[tanzio da varallo],"[1580, 1632]",1,googleart_m027s022,"wga_tanzio da varallo, (1580-1632)","(2641, 3965)"
324.0,100.0,[antonio maria viani],"[1603.0, 1629.0]","[viani, antonio maria]","[1555, 1635]",1,googleart_m03d1ccq,"wga_viani, antonio maria, (1555-1635)","(3051, 4522)"
325.0,90.0,[master of the lee hours],"[1455.0, 1455.0]",[master of the hours of maréchal de boucicaut],"[1405, 1420]",0,googleart_m0t50c8q,"wga_master of the hours of maréchal de boucicaut, (1405-1420)","(4751, 2349)"
326.0,100.0,[pieter claesz],"[1597, 1660]","[claesz., pieter]","[1597, 1661]",1,googleart_m06zmm3,"wga_claesz., pieter, (1597-1661)","(1794, 783)"
327.0,100.0,[johann heinrich schönfeld],"[1609, 1684]","[schönfeld, johann heinrich]","[1609, 1683]",1,googleart_m09v8z7q,"wga_schönfeld, johann heinrich, (1609-1683)","(4266, 3774)"
328.0,100.0,[giotto],"[1266, 1337]",[giotto di bondone],"[1267, 1337]",1,googleart_m0kp91,"wga_giotto di bondone, (1267-1337)","(4772, 1433)"
329.0,100.0,[andrea di bartolo],"[1400.0, 1405.0]",[andrea di bartolo],"[1360, 1428]",1,googleart_m0czdrnx,"wga_andrea di bartolo, (1360-1428)","(4487, 63)"
330.0,86.0,[jacob van campen],"[1596, 1657]","[es, jacob van]","[1596, 1666]",0,googleart_m042yfm,"wga_es, jacob van, (1596-1666)","(1152, 3335)"
331.0,85.0,[jan van de velde],"[1593, 1641]","[venne, jan van der]","[1592, 1651]",0,googleart_m04f57y5,"wga_venne, jan van der, (1592-1651)","(4472, 3428)"
332.0,86.0,[pieter jansz quast],"[1606, 1647]","[post, pieter jansz]","[1608, 1669]",0,googleart_m0bwk9cs,"wga_post, pieter jansz, (1608-1669)","(3327, 4385)"
333.0,89.0,[willem van de velde the elder],"[1611, 1693]","[herp, willem van, the elder]","[1614, 1677]",0,googleart_m03lk97,"wga_herp, willem van, the elder, (1614-1677)","(1692, 3223)"
334.0,90.0,[giovanni battista crespi],"[1573, 1632]","[crescenzi, giovanni battista]","[1577, 1635]",0,googleart_m07rn1b,"wga_crescenzi, giovanni battista, (1577-1635)","(918, 4007)"
335.0,85.0,[pier francesco mola],"[1612, 1666]","[cittadini, pier francesco]","[1616, 1681]",0,googleart_m0c2qzf,"wga_cittadini, pier francesco, (1616-1681)","(777, 4409)"
336.0,85.0,[jacob gerritsz. cuyp],"[1594, 1652]","[hasselt, jacob gerritsz. van]","[1598, 1674]",0,googleart_m08ff2n,"wga_hasselt, jacob gerritsz. van, (1598-1674)","(1656, 4111)"
337.0,88.0,"[pierre-auguste renoir, pierre auguste renoir]","[1841, 1919]","[cot, pierre-auguste]","[1837, 1883]",0,wiki_pierre-auguste-renoir,"wga_cot, pierre-auguste, (1837-1883)","(882, 1780)"
338.0,85.0,"[nicolaes maes, nicolaes maas]","[1634, 1693]","[hals, nicolaes]","[1628, 1686]",0,wiki_nicolaes-maes,"wga_hals, nicolaes, (1628-1686)","(1636, 1629)"
339.0,89.0,[hans holbein the younger],"[1497, 1543]","[leu, hans the younger]","[1490, 1531]",0,googleart_m0cy9m,"wga_leu, hans the younger, (1490-1531)","(2062, 862)"
340.0,90.0,[antonio zanchi],"[1631, 1722]","[franchi, antonio]","[1638, 1709]",0,googleart_m02q2_92,"wga_franchi, antonio, (1638-1709)","(1282, 2778)"
341.0,88.0,[bernardino luini],"[1482, 1532]","[licinio, bernardino]","[1489, 1565]",0,googleart_m04qf6w,"wga_licinio, bernardino, (1489-1565)","(2080, 3512)"
342.0,97.0,[jan van den hoecke],"[1611, 1651]","[hecke, jan van den]","[1619, 1684]",0,googleart_m02rt157,"wga_hecke, jan van den, (1619-1684)","(1666, 2869)"
343.0,85.0,[cornelis de man],"[1621, 1706]","[heem, cornelis de]","[1631, 1695]",0,googleart_m07k9997,"wga_heem, cornelis de, (1631-1695)","(1668, 3979)"
344.0,93.0,"[domenico veneziano, domenico di bartolomeo]","[1410, 1461]",[domenico di bartolo],"[1400, 1447]",0,wiki_domenico-veneziano,"wga_domenico di bartolo, (1400-1447)","(1054, 475)"
345.0,85.0,[francesco furini],"[1600, 1646]","[guarino, francesco]","[1611, 1654]",0,googleart_m0bcll2,"wga_guarino, francesco, (1611-1654)","(1586, 4341)"
346.0,85.0,"[francisco bayeu y subías, francisco bayeu y subias]","[1734, 1795]","[bayeu y subias, ramón]","[1746, 1793]",0,googleart_m08w6kw,"wga_bayeu y subias, ramón, (1746-1793)","(217, 636)"
347.0,89.0,"[antonello di giovanni di antonio, antonello da messina]","[1430, 1479]",[giovanni angelo d'antonio],"[1443, 1476]",0,wiki_antonello-da-messina,"wga_giovanni angelo d'antonio, (1443-1476)","(1436, 160)"
348.0,86.0,[jacob van hulsdonck],"[1582, 1647]","[es, jacob van]","[1596, 1666]",0,googleart_m0hhvd5q,"wga_es, jacob van, (1596-1666)","(1152, 4740)"
349.0,88.0,[francesco furini],"[1600, 1646]","[susini, francesco]","[1585, 1653]",0,googleart_m0bcll2,"wga_susini, francesco, (1585-1653)","(3943, 4341)"
350.0,90.0,[jean-baptiste pater],"[1695, 1736]","[nattier, jean-baptiste]","[1678, 1726]",0,googleart_m0bx6qs,"wga_nattier, jean-baptiste, (1678-1726)","(3020, 4387)"
351.0,85.0,[lorenzo di niccolò],"[1390.0, 1412.0]",[bicci di lorenzo],"[1373, 1452]",0,googleart_m02plrsk,"wga_bicci di lorenzo, (1373-1452)","(330, 2751)"
352.0,86.0,[jacob van loo],"[1614, 1670]","[es, jacob van]","[1596, 1666]",0,googleart_m05h252h,"wga_es, jacob van, (1596-1666)","(1152, 3679)"
353.0,85.0,[frans pourbus the younger],"[1569, 1622]","[pourbus, frans the elder]","[1545, 1581]",0,googleart_m01h5y9,"wga_pourbus, frans the elder, (1545-1581)","(3333, 2469)"
354.0,88.0,[hendrick bloemaert],"[1601, 1672]","[bogaert, hendrick]","[1626, 1674]",0,googleart_m0bbxr47,"wga_bogaert, hendrick, (1626-1674)","(387, 4339)"
355.0,88.0,[pieter brueghel the younger],"[1564, 1636]","[brueghel, pieter iii]","[1589, 1608]",0,googleart_m0h6m9,"wga_brueghel, pieter iii, (1589-1608)","(543, 4723)"
356.0,86.0,[cornelis galle the elder],"[1576, 1650]","[danckerts, cornelis the elder]","[1603, 1656]",0,googleart_m04ykwh0,"wga_danckerts, cornelis the elder, (1603-1656)","(965, 3543)"
357.0,87.0,"[giovanni battista cima, cima da conegliano]","[1459, 1517]","[cavaletto, giovanni battista]","[1486, 1523]",0,wiki_cima-da-conegliano,"wga_cavaletto, giovanni battista, (1486-1523)","(709, 374)"
358.0,85.0,[giovanni battista salvi da sassoferrato],"[1609, 1685]","[falda, giovanni battista]","[1643, 1678]",0,googleart_m04zl6z,"wga_falda, giovanni battista, (1643-1678)","(1182, 3555)"
359.0,88.0,[alexandre-jean noël],"[1752, 1834]","[dubois-drahonet, alexandre-jean]","[1791, 1829]",0,googleart_g1232phh9,"wga_dubois-drahonet, alexandre-jean, (1791-1829)","(1084, 2330)"
360.0,85.0,[lorenzo di niccolò],"[1390.0, 1412.0]","[bicci, lorenzo di]","[1350, 1427]",0,googleart_m02plrsk,"wga_bicci, lorenzo di, (1350-1427)","(332, 2751)"
361.0,88.0,[jean-baptiste pater],"[1695, 1736]","[santerre, jean-baptiste]","[1651, 1717]",0,googleart_m0bx6qs,"wga_santerre, jean-baptiste, (1651-1717)","(3704, 4387)"
362.0,88.0,"[pieter brueghel de oude, pieter bruegel the elder]","[1525, 1569]","[brueghel, pieter iii]","[1589, 1608]",0,wiki_pieter-bruegel-the-elder,"wga_brueghel, pieter iii, (1589-1608)","(543, 1793)"
,102.0,"[vasily vereshchagin, василий верещагин]","[1842, 1904]","[vereshchagin, vasily petrovich]","[1835, 1909]",0,wiki_vasily-vereshchagin,"wga_vereshchagin, vasily petrovich, (1835-1909)","(2147, 4487)"
,100.0,"[vasily vereshchagin, василий верещагин]","[1842, 1904]","[vereshchagin, vasily vasilyevich]","[1842, 1904]",1,wiki_vasily-vereshchagin,"wga_vereshchagin, vasily vasilyevich, (1842-1904)","(2147, 4488)"
